Hash,Domain
eb7bdae6d2440ad5,microsoftonline.com
20cb20b547fe276f,t-msedge.net
c2275a18afd5c561,microsoft.com
648972bff6c78767,tiktokcdn.com
94b9b3c85e030ec3,github.com
b22e733ff68e3ee4,live.com
c55aee2c66bc9774,amazonaws.com
18e918ef4231fa8c,googlevideo.com
d346c9e707874a36,akamaiedge.net
b7c03314e8c86297,trafficmanager.net
84cf81fa6c6bd7c8,aaplimg.com
4d07104fce17e318,linkedin.com
4e24d7174426cc2e,l-msedge.net
17beb2be3545eda5,ui.com
06548f922364adc5,pinterest.com
d1038def7fd9297d,amazon.com
c8a6b3e4cfe33dd8,akamai.net
39de8a56e5aa40fa,akamai.net
12ed4dd367ca9665,googleapis.com
bc68826a145f239c,a-msedge.net
85c2882f1399454d,github.com
dcbd3af5aac7dd1b,icloud.com
4ef924e9fc68dac8,ui.com
ef0d8c5321363d33,googletagmanager.com
23a0808907f3416d,tiktokcdn.com
0c7b6202f8231346,youtube.com
ca3dead6cc35b186,ui.com
7ac739ec489c4f46,windowsupdate.com
e1cb9c1633d24cdf,google.com
4d14bdf17e55836c,google.com
dd397aee0e4d76e2,akadns.net
87fdbe18281577f4,youtube.com
32b4ccf56be9a5f1,akadns.net
b3462f87c5a432f1,icloud.com
a4a8ace1cf7ed3a7,digicert.com
f926527772ea30c6,digicert.com
c2fadacc5092c16c,googlevideo.com
65dd10f43f690e44,akadns.net
c075f6f34195efd9,windowsupdate.com
338f9506a01d1263,cloudflare.com
9d86c18384f75d2a,a-msedge.net
58f20870ad39fbe5,amazonaws.com
f33ca977d1b5c153,instagram.com
8952f9e42632afa3,instagram.com
51e520d67a3dc8ce,googleusercontent.com
297c6445c359752f,windowsupdate.com
995577aefdc1b5fd,youtu.be
d6b00a1d5c6e8602,instagram.com
9fc942b372110bb8,twitter.com
f5150510f6ade545,root-servers.net
74702615090d80c3,microsoftonline.com
13637f68233fcc70,amazonaws.com
c2d7e05cf574f14b,a-msedge.net
eb3e8a8d1954bcc7,azure.com
88a957c37dae4242,l-msedge.net
a01a2643c1e256b7,t-msedge.net
f2b48461ef47d0e7,pinterest.com
f865d87c47364482,office.com
9b3dc71e02887a59,wordpress.org
14881ccbb58535b8,aaplimg.com
4dde6301e618f3c8,gstatic.com
51da28e55572ade6,bing.com
c36e903acf58a684,googleapis.com
cfd2e3aa11c1c251,googleapis.com
24a9b6982f668f60,amazon.com
dfb8e9b2e326120a,pinterest.com
02b52eeee00fbd83,googletagmanager.com
f3f7d040984278cb,domaincontrol.com
4a3b98bb68bf9391,cloudflare.com
68c2a8a44bb14a3e,microsoftonline.com
2ce626a3c8c11a5d,googleapis.com
475589a48925ef69,microsoft.com
0b1d0f9e3673646e,a-msedge.net
9eb121894b5be12b,amazon.com
2f61827431072f67,fbcdn.net
ceae01532b05442e,digicert.com
02d8be6e9ae710a4,google.com
3420e404d5b88a30,gtld-servers.net
d29efddf2af5c774,wordpress.org
9fbba993d7782e2b,root-servers.net
635d24b002851e39,twitter.com
b16e7b9c2f9aada3,pinterest.com
e298ed204ce18fcf,akadns.net
59fb4acbe8f790ad,microsoft.com
83072fae8404c3d7,googletagmanager.com
af5fded73ece29ee,tiktokcdn.com
9f3c0b69361787f0,ui.com
de7b8250748dd768,akadns.net
a6eb434ef0ea9ed1,doubleclick.net
565701e142a9994a,t-msedge.net
54329ffa255bda8a,microsoftonline.com
bd8cd128f55e4a2f,googletagmanager.com
cc3818b078540dfe,doubleclick.net
68cc35b42db42127,amazon.com
e1e30acaeffc0ea4,doubleclick.net
77eb483a485de4b3,googletagmanager.com
23102fa31026d023,facebook.com
7f5b0aeb053768d0,instagram.com
9b1d97dae81f034d,tiktokv.com
e5f4c9e3258bf4d7,akadns.net
cbcf3c7d5932678f,twitter.com
c296ab6fd1bae1c2,akamai.net
475021f282e8f150,netflix.com
44fa5092f8db40d2,github.com
f15848deef2fe32a,tiktokcdn.com
3324f03bdcab4ef6,youtu.be
cd662e9387547181,google.com
e8606be2a023ce88,netflix.com
3b991372570fc35b,office.com
cc06e25b3f1b5a9a,googletagmanager.com
3ca8c8c7083f4efb,office.com
7aa6f74981bc475e,youtube.com
7e3439b8ab6b30d1,bing.com
49d8afc5fb1258d1,aaplimg.com
e1a36c4da182f473,t-msedge.net
5ab9d53e0929c136,trafficmanager.net
443a0eabef03f8e9,akamaiedge.net
aa87fccfc43f1635,fastly.net
1dcb461455b1bd61,amazon.com
78337f3298820f14,office.com
d2c5f41ab9cd007b,googletagmanager.com
39e2707dc1f00c1f,yahoo.com
dcc904338a4f235a,icloud.com
d6efc23d1da97eb3,live.com
33d9e4aef0596f7c,youtube.com
d9bf9b3e179cdd7a,googlevideo.com
fd5503fadb45012d,wikipedia.org
9ebf7ae281cb3d0e,tiktokv.com
1d600f239a09f14e,twitter.com
c84844f22b419a8b,bing.com
d657707216a44e0d,amazon.com
d8bde6406cddf51e,trafficmanager.net
5bf2541e32972d01,bing.com
421bbd9ffb42f5dc,office.com
08df5c423770bb2b,ui.com
7aa2aa52c732977d,azure.com
4ea14a59e7175260,akadns.net
4d714f365fb7f675,akamaiedge.net
d53040f8172f21e5,akamaiedge.net
30d82fe87efcf262,fastly.net
2e5854f1b5a04b30,t-msedge.net
338641af339c4cb4,facebook.com
4745ff5b452c3de2,l-msedge.net
f1fa1e856680e35c,googleusercontent.com
e41155abc931dcee,apple.com
f7c43664e2441d1d,linkedin.com
01b1193a1b04d76d,live.com
f5e36222a27a9024,trafficmanager.net
63e967b6b5d9ab3d,gtld-servers.net
8980d92d86bf2cd5,gtld-servers.net
bab8c2fb7fa3ea11,github.com
aae891f9dd171b0c,a-msedge.net
b45cfd9e85c94f33,tiktokv.com
1e59ff1312245de0,apple-dns.net
e11af7e282c78b4f,apple.com
6bfd86d97081bbd0,root-servers.net
18d3b013c4019fb6,office.com
fe2355d4727e61e5,t-msedge.net
bf43f151f8391505,cloudflare.com
48f4a593c208108e,netflix.com
8f98548ccb5645bf,youtube.com
59f8b5653520b15b,apple-dns.net
5d4af8ba2d06ec19,twitter.com
02c16e774893da34,root-servers.net
ca3e979757726b7d,netflix.com
a3d46585d8cc6f12,youtu.be
57a3401e26be445e,windowsupdate.com
e325d1d5e3f38d13,gtld-servers.net
8dbabf8a269f0358,wikipedia.org
6840e2e6aa7d26ec,a-msedge.net
508567aac4dbd2e2,microsoft.com
9b1b6f77f657b16a,akamai.net
17c9e8f1518e94b6,microsoftonline.com
995afcbb971338cb,apple-dns.net
6c18ae32e3bb8040,netflix.com
d6a289225642d502,microsoft.com
2b1d4dd54224de85,github.com
73f0043657e1fec6,linkedin.com
761468643c00ce44,live.com
30aef5f2f7f4c19b,mail.ru
3b7db3a1189c11ba,googleusercontent.com
d178cf76b8a61766,cloudflare.com
bde49695e658920f,youtu.be
1acaddec14914edf,azure.com
c5fcb8005e5fcf96,twitter.com
a3356225db2f625b,cloudflare.com
a75ecfcf86873f06,live.com
b9a83f00b514efb0,github.com
4556613fb440d6fb,gtld-servers.net
0a23f9ea5d71cbdb,amazonaws.com
236a7d04b0dfa8ef,youtu.be
f63b8caca23f13e0,gtld-servers.net
eb8c4698e92ae27a,a-msedge.net
580a77010c97127d,googletagmanager.com
50f7c981c5ed9b25,fastly.net
c33199cd3c9dce28,wordpress.org
ff57f35741b167e2,trafficmanager.net
48b1163d044ce102,fastly.net
aab838dae69c76e2,netflix.com
ab5dfc39b9096e92,googleapis.com
ac4f4725c129f90d,github.com
287f79e14fae63bb,youtu.be
46a3e6cce3595be8,apple.com
b4e8ef9e925233ab,akadns.net
9827e5272afd9745,netflix.com
289b5799146f3503,trafficmanager.net
6a140edea8a230f8,googleusercontent.com
cb8d623d13cff6a6,fbcdn.net
9127a588de049c3f,t-msedge.net
b71260964d884259,microsoft.com
581a228ac25beb1a,domaincontrol.com
fdd8dfd34596ea16,googletagmanager.com
e960b8b1a56cbd5c,cloudflare.com
d81dbb5846c380c1,office.com
583b576a09304f9e,google.com
beeac139a5d1e1b5,apple.com
073c934488e68707,yahoo.com
b89657331215276c,googleusercontent.com
b7965f402e441198,googletagmanager.com
65788dab4f02044d,linkedin.com
ed35a6217c04e7e4,mail.ru
d8da4a1c6f8eee44,gstatic.com
5e63d771b33d4f48,youtu.be
cb78fe898776a667,apple-dns.net
8c3bb45ad5e1fe17,tiktokv.com
d2abe02dea57f9da,root-servers.net
aeef303bfe1561d9,a-msedge.net
578e3e054c5fc679,amazonaws.com
673dc86bf6414377,facebook.com
1196d6c1ae934dc3,youtube.com
bbca26e065277445,akamaiedge.net
e06deb47c8f2d3ea,github.com
d1e0c6400afd0141,googlevideo.com
75d57c03e249a84a,googleapis.com
d1f1ab8cec58bb1e,fbcdn.net
27416929a3727fde,googletagmanager.com
fbc235232ee34dfb,youtu.be
0408446f94eace9b,google.com
4af5721f6d171187,googlevideo.com
ddd85d2922e3885e,cloudflare.com
3b8f4ee9a18af7f4,tiktokv.com
af089924d0de67c0,github.com
f88781d9f6b6dc1a,t-msedge.net
c1d0174751577813,linkedin.com
5949b1ae262d886e,fastly.net
1c1500c560d3bf37,microsoft.com
e542554993acee68,facebook.com
a1850d30b78aefed,doubleclick.net
c50e63f3ca49b40a,youtube.com
2fc556c9950f713d,apple-dns.net
0e0c501ae001f108,googletagmanager.com
56f681279724e8b2,digicert.com
229de5c962d1e787,fastly.net
f66c1e8fb6a965b9,apple.com
5280d0f9e2cffa4d,icloud.com
93e62ff12bc25f87,office.com
e7f63d9f51d60680,apple.com
8b851c5555486a05,azure.com
0333cce50af4d98b,domaincontrol.com
fcd61a3c4a246136,googleusercontent.com
386557861a9b92f4,windowsupdate.com
11d57a23a37429ec,root-servers.net
fda3f3c6934803de,facebook.com
63259e254cef8287,live.com
8da264f1aa0d860b,amazonaws.com
6f1aca16f0819a46,microsoft.com
09910f7d1ebe9c7b,wordpress.org
24a279dcf1809d28,twitter.com
47ee9d73db3f0dac,googletagmanager.com
01febe97dde1a21e,root-servers.net
c58a980999e31913,doubleclick.net
de148d56935d892e,akamai.net
2f84340f82ac8f8b,azure.com
eab195b9e43a8b36,t-msedge.net
60d1ab5838b1f260,yahoo.com
c9d0f630eb879a35,ui.com
d9f2d5e6e2e21fef,instagram.com
f6d7bda971766539,domaincontrol.com
79f31176ef0906d1,pinterest.com
e92189a3bc1c59fc,akadns.net
40d795ab6e11791d,googleusercontent.com
9c7ec67f492d0212,digicert.com
3045b45a1ff1a164,tiktokcdn.com
8728ce57ee76c016,apple-dns.net
a4cc34860cabef99,youtube.com
276b60b8b16cc963,azure.com
d241c8b3680f6e68,bing.com
db9fd9bbc981cd47,youtube.com
0c35bfc1958688a1,amazon.com
59a224a6d666f4f6,akadns.net
7762cd415629cad7,l-msedge.net
d19717584a3a3830,live.com
4b07671bfbd2456c,office.com
3afe6a9066641b52,googlevideo.com
3f2dcc482ff8a898,digicert.com
73603773c74e88a5,youtube.com
d8d45b1879a7ff47,a-msedge.net
cf33ba9f094b52ca,live.com
6692030ba26c68d3,domaincontrol.com
e2ff1b828d08985c,gstatic.com
3fa478d7602bf071,yahoo.com
75c2f8161c05cb7d,google.com
1357d896daf04c65,instagram.com
b8e04eb4ea520503,github.com
0128432c04e72dae,akamai.net
33b3d828b5eee070,gtld-servers.net
4ccaf8087fe46cad,apple.com
3713da35d9ec854d,tiktokv.com
a6f0470004fe4ed9,root-servers.net
e3ca63547a081b6c,aaplimg.com
ddfb9f687c4648e4,pinterest.com
3ee0e48021174bfb,apple-dns.net
16a994e7c708c2a4,youtu.be
890d50da10c69130,pinterest.com
165ef1b71ad5e1a5,live.com
90229bf328b804d6,windowsupdate.com
cb195c842d24db92,doubleclick.net
e9b340b6b8287657,t-msedge.net
dcebaff7204127d8,akamaiedge.net
eb7bba4bf36d7f15,akadns.net
21f23faa70b6aceb,microsoftonline.com
7bf259ba211d7854,akadns.net
22bbd66e84aff82b,windowsupdate.com
a7df8e50156b538d,yahoo.com
13810d4656c67ebc,gtld-servers.net
f941c28c68ccbad2,google.com
c56ccd8e96b05463,mail.ru
4849ae6a1613ea70,t-msedge.net
7473d6fce0b1deea,youtu.be
18f0021a66f59cd9,netflix.com
5b8c13832553828d,fastly.net
b8e37d2537263102,aaplimg.com
ceaa48a6e5388a05,domaincontrol.com
54ea9d1fd35b42f1,azure.com
ce4a594f9a0bf6d9,live.com
bd628278ac240b8b,windowsupdate.com
cfa77a63bdcb6059,fbcdn.net
6dc1639e7dfcfbf1,tiktokv.com
7c3852fd4886a57d,googleusercontent.com
8efeb85503301050,cloudflare.com
d8e36229892fb0b3,gstatic.com
a62aad2dc04ef211,youtu.be
0bde9e48b1ffb607,bing.com
5313a26b0831e68a,tiktokv.com
956ee4c1ceebc9a0,youtu.be
417cc819247cb640,aaplimg.com
760ce06e7eb868ff,youtu.be
7a11650de570ecbd,icloud.com
734b9c4ddf4a6ef0,apple-dns.net
350a0e5afd742a9b,azure.com
8620a5c0c0caafdb,cloudflare.com
c70ce12a16423d28,bing.com
b955685b68822f47,trafficmanager.net
cae428bb22eabe8f,live.com
f5ec9f41495bbb51,youtu.be
84eaa441ce8e5ccd,googletagmanager.com
17aaab9c88da07fb,apple-dns.net
f86a55b9b95708dd,tiktokv.com
690f673a56781999,youtu.be
b9c5c1d7de052f6b,wikipedia.org
93f54cf4f3b6fc60,office.com
064e28fe3d279a63,domaincontrol.com
a885ddfd6de857dc,aaplimg.com
5cce81ca92d558b5,mail.ru
52484f8173f9343e,wordpress.org
39fc307ce0cf54df,live.com
519958743a01663e,cloudflare.com
5adb00c664ff28e9,github.com
775732ab77ddd2e8,icloud.com
3bfb7ba34a94923b,doubleclick.net
9912473a3cd458bc,microsoft.com
720abe1311ca648d,youtube.com
57461b3607670441,akadns.net
89f4aa4051520ead,akadns.net
0f5ad11ed5385c7f,instagram.com
523313c3060ceeb8,tiktokv.com
432ecc0dbd99466a,bing.com
e280ff98ffc76274,a-msedge.net
5d9e12524075e04b,linkedin.com
c459527a24789448,amazon.com
23fbf62fdaf91519,fastly.net
7a0ddb7bd3ea3f56,pinterest.com
566733a73d6b1e4a,amazonaws.com
b9592092267f6033,fbcdn.net
a89cfffe816c9a6e,fbcdn.net
2babaa1001b16161,cloudflare.com
2c4dcc3c7bc2ffb7,digicert.com
8b934cdd9ecbc29a,trafficmanager.net
e4074d7ff65ff3a0,azure.com
d2e28f95b01d4845,office.com
8b5a1142486b2eec,live.com
c35cf8498baf207e,microsoftonline.com
598c896875d07c24,microsoftonline.com
22cf6d6f2be374e0,fastly.net
66f7aa157fdb0db2,domaincontrol.com
7e35178415a9da01,twitter.com
8e3ed4beef8d9425,bing.com
ab6cbef15be89210,tiktokcdn.com
b9d964b52df2d51b,gstatic.com
9a6e92f01d4b0882,tiktokv.com
7f47bacb8c6b3ae1,apple.com
7a55afe6dcdb9dc2,tiktokv.com
366f3946451dfcba,googleapis.com
b487dc5869d8faa7,root-servers.net
e6dc7d9d87d6525e,tiktokv.com
394d6a8252c6f053,azure.com
d6da527d103dca5b,github.com
063da38ce06c5a59,apple.com
2703f999b52278bf,doubleclick.net
ba297a0a9d2b538b,yahoo.com
39530d64424a3fc8,cloudflare.com
d6076f5df18cc874,digicert.com
5b328cf72891ae96,akamai.net
e07f2ef587a2b3a6,linkedin.com
cb7b389f5eb280d8,wikipedia.org
de3c6eeea88df3e9,azure.com
22a58a801fb3588c,apple-dns.net
bc6f0bf6e0cafbba,wordpress.org
6e8324e01711db36,tiktokv.com
977ba725c3e8bcca,fbcdn.net
49c848fc09c0618b,root-servers.net
f2b111e755bf6e4c,icloud.com
bc00cfb7c9c12104,fbcdn.net
18029f71b12b8df0,domaincontrol.com
57361d3b191efb1d,trafficmanager.net
d60861ebac54ce67,akamai.net
9dc589056184b0dd,linkedin.com
a3166d47c11506ba,root-servers.net
79ce11551d445a3d,netflix.com
9f3cc95a490b9785,office.com
485a1bbd800918f8,tiktokv.com
1a8454c450124809,wordpress.org
ec14c77d3c24aefa,fastly.net
6917537a5f91917a,microsoft.com
5d7d65ed0d5cf211,windowsupdate.com
3212efa52c543217,akamaiedge.net
ae518081ffbf7123,yahoo.com
bf0e32963cc0f9ab,tiktokv.com
a79a3b9f38488721,fbcdn.net
a82df624bad5b4dd,googlevideo.com
b422758c62504d9f,gstatic.com
590150c75aeb0745,linkedin.com
ff7a9f6c321ed4cd,t-msedge.net
3739c286201d6db8,a-msedge.net
eb22f53f75520bec,digicert.com
b6e3a1a862237a9b,windowsupdate.com
493e4d92fa66ce22,youtu.be
a6fd31e2856a786b,googlevideo.com
fb4a56e7690003ea,bing.com
4d6a6aef7736787c,tiktokcdn.com
1641b524a9835180,google.com
ae9e9f6aaf72aa98,trafficmanager.net
319ed0afc3481004,fbcdn.net
13f4fc088b993c3f,bing.com
79732dc7dadd5893,l-msedge.net
4276bef61b42eb2b,gtld-servers.net
c57ca870efd55dae,linkedin.com
f81632f79c8a65c1,a-msedge.net
20bfde0133394d09,l-msedge.net
d94859316ce70368,l-msedge.net
9554f99371b83c15,tiktokcdn.com
d6aeb2be593193fe,microsoft.com
019b1536340f6668,icloud.com
f46b0e68cbeb4a90,microsoft.com
7becf4e019bb418c,apple.com
c1abc45de535e51a,windowsupdate.com
6d4ceb5622ec6397,youtu.be
c8bd37b1478bec6e,tiktokv.com
2d954938a568901f,akadns.net
db4bfb8e3ecac824,bing.com
592499a5eac09288,cloudflare.com
f21ffbe0392c3be1,youtube.com
e9b2b8403edf2e7b,linkedin.com
183d2bb1d19b5e1e,cloudflare.com
0b71ec97b1b4f16a,netflix.com
7bf43a76bcdec164,t-msedge.net
86b9ba71254788bf,aaplimg.com
28b5bd10c4d92fa6,tiktokcdn.com
673872bdd13272ad,akadns.net
f2e055d9d7b5e726,facebook.com
b41ca11f09612c25,amazon.com
66c650a1af86003d,cloudflare.com
2d87127983216139,doubleclick.net
4bc80d42b6a17e2c,amazonaws.com
2c1f0ff14c9126ac,twitter.com
5931884edf36ca74,linkedin.com
605b3fbe42442864,a-msedge.net
b2eeeec9f764aa5a,fbcdn.net
d3f87c1883b6c205,t-msedge.net
9d6a429eac0a37e7,azure.com
b42c6512471b8b08,office.com
3f7991469932be14,trafficmanager.net
0ef2343ea83e6040,googleusercontent.com
c7fb96c2d4f32103,l-msedge.net
1a7e8958048b3508,icloud.com
95bc82e960036835,gtld-servers.net
f0c3e8bc88426a8e,gtld-servers.net
29db09b3e1156022,twitter.com
a8482304bd47b9c7,twitter.com
8256866a97c33315,cloudflare.com
d08d3efbb106a584,doubleclick.net
ce77b4d135753495,akamaiedge.net
50f670731cff899b,pinterest.com
125f1bc204df4b5a,youtu.be
d3613ec4a2a2ac0d,tiktokv.com
7db83e8a5531a6d9,trafficmanager.net
65b8007779e6c9c7,root-servers.net
b5f7dbe0284638a5,digicert.com
b684e077f05d6ead,apple-dns.net
ae5be7f2dcd7adbc,googleapis.com
080ca3f4206c2eee,github.com
b47e15e8ca06a2ad,domaincontrol.com
448cdaa3be005d70,google.com
7e926029dff91ebb,googlevideo.com
0d4b162088293a4a,microsoft.com
21779c9b911828f8,pinterest.com
cbdfda13e793f964,yahoo.com
702a5fcd2165cec9,google.com
f99206ec7e4bf925,domaincontrol.com
aacc69f3a795c9fc,pinterest.com
d0e2842d50bdb296,amazon.com
20a42a692a7b7015,amazon.com
406f69ebea6a9182,instagram.com
df43027ed5150a2a,apple.com
32ca7c568db9aa11,microsoft.com
c62a3f44046bdf57,office.com
fb0209ed3a55dd91,facebook.com
743ed99d05903ef9,pinterest.com
f23c5384063bf7fa,tiktokcdn.com
855f218e047e5c76,windowsupdate.com
f0a069a51ffa539b,mail.ru
514e09f33ba9dd90,wordpress.org
7f181a4726abcc91,pinterest.com
8b3c8914e79b5f85,office.com
29780132c06063e7,apple-dns.net
5e789691bb62a28a,gstatic.com
8630e27e81de19e5,trafficmanager.net
013a35ba844476e1,pinterest.com
486a8308a0047fb3,fastly.net
b75459179249c9f5,mail.ru
5252cce17997174d,wordpress.org
fe53f1e0752fbf09,mail.ru
628ad9993f58240e,googleusercontent.com
b2bdfc95e6f052fe,microsoftonline.com
f816fdeb1588afff,apple-dns.net
bf8fe22853c1af7c,akadns.net
66f50d3cb28bcf71,netflix.com
c8d48712edaee2cd,live.com
c1c3df8543b0f8bd,t-msedge.net
c3d2ae64e5bb9dbc,netflix.com
3798137971978c3a,tiktokcdn.com
13d41aa86c762113,root-servers.net
4b0b4d5e1c9ce78e,gstatic.com
d7b5b01938e4cc97,akamaiedge.net
3f134117d0daa0f0,pinterest.com
1e942ec9ec1908af,ui.com
3f559c545de154cb,a-msedge.net
dd03a10ea5e7dbdf,wordpress.org
08c1ab6f47923ac7,pinterest.com
30f4093edfb431d4,youtu.be
183a1d23b5438ccd,netflix.com
f6313125f8d21676,ui.com
1da097c8f1091f8d,linkedin.com
838e3ac1e2e9d8d5,googlevideo.com
cac52e874be61e54,akamaiedge.net
e881332cb4fb97f7,digicert.com
65d7616fcdff63cb,amazon.com
332dc761cea47dbd,wikipedia.org
64bd812ffa72ecc1,wikipedia.org
0e4a595dd97fc366,googleapis.com
c7f5f4ac9e96f0d7,tiktokcdn.com
0e0b8fd50b86f5e0,doubleclick.net
a106e9fd9a339b92,googlevideo.com
1806eb98ee6ca0ee,googleapis.com
a0d329114b017121,digicert.com
f54038d23af785b8,googleusercontent.com
11943804e39ee783,azure.com
38a870ed9d4c9547,microsoft.com
3f9d6845d7781878,googleapis.com
3dd5330573055f4b,wordpress.org
ab6e09cb46570f6f,fastly.net
02d6f6dcb53301da,aaplimg.com
f4c5faf82e4cb3f9,wordpress.org
21b6225a05b9a89b,live.com
e349ca81a06e6d24,googleapis.com
18fd7804f2b9a4dc,youtube.com
3ff4cc0a56324ea8,yahoo.com
34edc7be32b7764f,yahoo.com
3e8736193efc8f78,digicert.com
56e45bfb8a4c5740,aaplimg.com
980730ba372e67f5,apple-dns.net
941877982ba69247,googleusercontent.com
104fe76599ed4313,apple.com
2350a46f21c61836,apple.com
44e9520504202f28,domaincontrol.com
ae652dd35896acb9,linkedin.com
bc25a82a1930ba2b,twitter.com
f05b8308a24d11bc,netflix.com
d113081a0ac94d2f,icloud.com
b754d68436a22b3c,akamaiedge.net
6f84715638a79289,trafficmanager.net
989b05ee34216585,office.com
7016947236e226a6,facebook.com
9268bf27107d2ebe,googlevideo.com
285bc7a5af6d4f09,fastly.net
a83c3ec23528f70e,trafficmanager.net
649b1a80648d277c,ui.com
6f3236d64e90fe8f,youtu.be
4a63aeae3079ff5b,netflix.com
98d6ba5157029d4f,tiktokv.com
ff4c9c09e9d08136,a-msedge.net
0bc7425e14f12e93,l-msedge.net
44506d4b918c80f3,tiktokv.com
e313c130f8227670,azure.com
3c3e44d2d8e5d219,office.com
84ff4708aae588dd,azure.com
2332ab39576b3efe,akamai.net
6be401fa33b2ccab,github.com
ece2499eb2b7ecbc,youtu.be
6e67828e35c8e4de,akamai.net
3a05b05858989245,linkedin.com
2821bbefc7193502,live.com
1cbfed747c4f389d,googleapis.com
e2a18690fb8d7d0d,github.com
ca7b05f5142adbf2,cloudflare.com
196f189104a1a34f,microsoftonline.com
862cefa0c0e87606,ui.com
70cb14b91736f880,cloudflare.com
6354a22554862b37,azure.com
28694729e80e199b,gtld-servers.net
0c89e982f7d77cd3,akadns.net
c6c8ac771c3a38f4,linkedin.com
34c24536c3744859,apple.com
0cc93f540b4cd566,akamai.net
b7c06f1dace7f5d1,gstatic.com
c07bd61aed321a4c,microsoftonline.com
b1a2732aafa8a12e,pinterest.com
09f65b2a14a3a310,tiktokcdn.com
76d158d81b7adaef,googletagmanager.com
3b275701f1b04aa9,akamaiedge.net
dc22763d63b41b93,gstatic.com
3284872ae862971c,t-msedge.net
c6e50eb72fa7d60e,youtube.com
069816085ac10d9c,tiktokcdn.com
7508d150b8344ac4,windowsupdate.com
f42e28b35111665a,tiktokv.com
2ed38f270d4bb983,googlevideo.com
38bdcda215e9100d,tiktokv.com
3f52b16d9de1b99d,azure.com
e2e688c3a212cf54,fbcdn.net
20008d987b86aced,linkedin.com
0dbee7069dce68fb,github.com
919111973fd5ac97,youtu.be
c41ffdb6a598e992,twitter.com
52fbaa5d4a839414,microsoftonline.com
19018e8039c7ca46,yahoo.com
10a554a02b1b8b58,live.com
daa98036a9786455,tiktokcdn.com
db78648201eda27d,gstatic.com
c22404550d865679,yahoo.com
ae49bbe2533abc64,youtube.com
ad662e8a2f9047d0,googleusercontent.com
1745b84fc8fb3982,mail.ru
3868319544abe48b,youtube.com
4394b0e816e3e5c2,tiktokcdn.com
c5e471352e8e880d,windowsupdate.com
7fa24e7e66a82fb2,azure.com
ef13623276a43345,pinterest.com
331934440be31cb9,wordpress.org
a3cfbf55f4bf928b,wikipedia.org
492a8ddcc468a09b,github.com
264bbd2b8bcfc2d8,mail.ru
5195100b23c12d6b,youtu.be
adf2d5dac2d3ec57,tiktokv.com
8b5928799778f051,root-servers.net
077546457b055cb8,doubleclick.net
9f3614861b11afdd,microsoftonline.com
baac73b55a3aa320,trafficmanager.net
d00cd86ad3010629,fbcdn.net
6cbda5b5c9f18410,t-msedge.net
83cbba8ae37149d4,amazonaws.com
017103696d7efc8b,icloud.com
8627200950185610,facebook.com
e0eceb7fd882b775,tiktokv.com
2e55fca0288d6190,youtu.be
c3c3940dc28ecd77,fastly.net
4c63131bbb26ba14,gtld-servers.net
af795c29652e5646,root-servers.net
84a562ac67bdd87e,digicert.com
7296c4680b888517,github.com
611bd541419af0ac,tiktokcdn.com
7bc8066f241b0b8c,linkedin.com
cd69757c5ff7e9f3,icloud.com
a9150b48c7cfd638,t-msedge.net
65b617b510225ef0,wordpress.org
5d312947cdfeb028,facebook.com
5dc5735ced88900a,google.com
0fc184b9c70fd7ae,instagram.com
4387f889d9da22b2,a-msedge.net
15d3e1887386914c,tiktokcdn.com
cd29cff3b626d74e,live.com
88fa7d86a48ffdb4,facebook.com
bc27aadec8f9d709,aaplimg.com
69beab214a46371e,icloud.com
d4ac3413e1212ae7,amazonaws.com
2890056afe437f80,googleapis.com
554a4398b99ac0a0,googletagmanager.com
204cc41a5e495a89,l-msedge.net
0a0cecfe69355421,mail.ru
735c2de473db6887,github.com
8e26f2261a63fcf3,google.com
9e7ff93af33bd65a,netflix.com
a046cf4fba87d96b,apple-dns.net
96612fcdade90721,aaplimg.com
464420f0bd6c1700,aaplimg.com
a4bed84f73cf70d1,tiktokcdn.com
a001032511461aa5,linkedin.com
44832489d3361eab,windowsupdate.com
e1f1800bdb2e03e5,pinterest.com
a6cf8c8608dc219a,domaincontrol.com
9705733da9339380,icloud.com
526901243cf4b288,doubleclick.net
25c21d18e867bcb5,t-msedge.net
9eaf029087ba8af8,googleusercontent.com
f42b94c0faaa4deb,gtld-servers.net
5624c8a890517699,l-msedge.net
067b08ce9d10f8d4,cloudflare.com
51fb091bcc600e81,facebook.com
0b0e74b2cc91cc54,amazon.com
1f37c5f5ee5ae287,akadns.net
60a1a0fe38015412,facebook.com
2207553b9d03a849,l-msedge.net
6d73bf77c12eb1da,instagram.com
15cba7811a0389d5,google.com
55479fe5479026df,t-msedge.net
99f64bf27bd645ff,yahoo.com
c7521a17c3fda1a0,tiktokcdn.com
2b8f7ab8cc877ed6,apple-dns.net
f8bf5afb47f3e776,akadns.net
3d072cc02f9a04fb,windowsupdate.com
dc18d904d0087e99,azure.com
86cfc28a97e641d0,github.com
fcc82e15845a14cf,gstatic.com
3c702561714095b2,azure.com
1cbd13a50ae2e846,amazonaws.com
890c08e15e2ed82c,azure.com
ba8079b429b8b4ea,gstatic.com
ebc64e9573ed0909,akadns.net
cee779c45b173e5a,mail.ru
04d91d61119ac6ff,t-msedge.net
70cef1961c6cbf0b,aaplimg.com
a7a9d05e94e0bbb3,googleapis.com
e806eb310e887152,akadns.net
5966aa025f31f076,icloud.com
338aecfd84745748,akamai.net
dc8db7259e1721b0,tiktokcdn.com
890474c25b1112e6,l-msedge.net
6291d3cbd31917fa,fastly.net
6cede05c525f6ee8,instagram.com
5aab751146257969,fbcdn.net
ae7322058974c309,facebook.com
94fba24069c52983,twitter.com
fe9c333989a5c7ba,instagram.com
bf6edd39770ff26e,mail.ru
300dd10d95377229,apple.com
0e08a7d9a2ac246c,gtld-servers.net
433fbb977742b83f,gtld-servers.net
3ace43d37fed2a14,google.com
628e3b48a82bfa3b,apple-dns.net
9dbb1685fba918e8,windowsupdate.com
3a474afe3b8bae42,google.com
1407aa64ab5f6f72,twitter.com
a1bb9d32d26435ed,microsoftonline.com
336eb2cbc54601fd,akamaiedge.net
38c0b23159e56be8,t-msedge.net
b0b878de4725ee78,tiktokcdn.com
77015f00633d3b40,twitter.com
22f4562c20a55b38,youtu.be
4ada925251bed447,youtu.be
1f2db910b572ec1d,youtu.be
18c60676e1bd3c94,bing.com
ecb3012bc6a9c7a5,bing.com
2d21a3b275f22b29,office.com
3024b3b9966f9210,gstatic.com
20513e41bee0427b,domaincontrol.com
cc32d051467269fa,icloud.com
0a0514b012ecfa08,wordpress.org
0e40954db6b3cb67,doubleclick.net
3f80591daf59163b,gstatic.com
2638deae3b01d1cc,windowsupdate.com
0f4c84b2e824aa0a,amazonaws.com
f47212f73ff925c7,aaplimg.com
62a9f53f4e32845d,tiktokcdn.com
6137e01c9316093e,apple-dns.net
393e8f65bb9f00d5,apple.com
d2b2239c344482ca,windowsupdate.com
9cd957bec000366a,cloudflare.com
1bd474a5b59efc37,office.com
2e73839f90dcd4e2,microsoftonline.com
8073fa5160627456,fbcdn.net
20bf71b00791edc0,azure.com
17e93d6e38ab9004,googleapis.com
1a68a813927f74ea,gstatic.com
55d62068c920a458,yahoo.com
272b09fffc721add,wordpress.org
d1f06e4505de02e0,doubleclick.net
2f9e6ef1f0bfd5a2,t-msedge.net
52effc4f020bbe6d,doubleclick.net
3131d88235aee1f2,apple.com
2b5ae2e3e8aad9bd,netflix.com
1ec6fe653ead4e31,office.com
3b1ac5c53aa5ad38,wordpress.org
e7d282d64391c47a,trafficmanager.net
53c487fddac3c3da,aaplimg.com
b9e2e02ffd884128,youtu.be
7234de689f7902cd,trafficmanager.net
b73acb170b6d73dc,fastly.net
8c807d06e814b44d,gtld-servers.net
d1fe43b2d523dd40,googletagmanager.com
dcab79bb351d0c31,amazon.com
c61228f3721088be,trafficmanager.net
394d23d8feb6341a,yahoo.com
31ecfdbca57c0379,domaincontrol.com
d27bd934a77d823b,instagram.com
892d6481e1ec09bb,apple.com
db652594a5ada470,microsoftonline.com
979badfd111c1261,wikipedia.org
d9d6a46dfcc90838,trafficmanager.net
f34fa0658679c9f4,root-servers.net
6e7562b02ce52e2a,t-msedge.net
73f69286ebb34854,ui.com
d5a7477271b760ee,youtu.be
ff50c16159edef71,youtube.com
0f0e409524531d1c,cloudflare.com
bade0cf1999f3c65,gtld-servers.net
6aab181ac78f571a,instagram.com
6b80c09b8fc526e9,pinterest.com
726102a21849596a,tiktokcdn.com
da67fc96476cc119,wordpress.org
e4238ef049891fa7,root-servers.net
5f9ff5e5fe1f5e7a,cloudflare.com
a3b246c761024355,googleapis.com
c78f4c88eb4e508e,amazon.com
fd64ab9d558c0cea,microsoftonline.com
e6236387d3039f50,fastly.net
78fdeaf768a7e67f,live.com
3a2716c8f5ab263d,ui.com
710de306635631ab,youtu.be
37210bbf5624a710,microsoft.com
ab45a76ee7b5f1be,mail.ru
51ea929c0cedd4c3,gtld-servers.net
ff434071e360f5c8,github.com
2aaa91cdcdbc778c,t-msedge.net
48e656e7052e9fcb,root-servers.net
45e588e64633be98,domaincontrol.com
42281d75dad8051d,amazon.com
738ed7df0fe8afcf,apple.com
088a4d089bc91833,pinterest.com
8d872847d90e0a45,microsoftonline.com
f02c7aa6ae19bdc1,fbcdn.net
d2687057a8a3b1ac,googleapis.com
2de7afad48ebca86,tiktokcdn.com
20e3b151c4ee0e36,akamaiedge.net
de31c61c9077ed11,bing.com
56419dca690201e7,wordpress.org
2b000d0b745f4a59,amazonaws.com
d52fb9cb46abcc2e,azure.com
0170bcc79d3eeeaa,wikipedia.org
b5702f8b850c3ad0,bing.com
6ce094925d153c8a,domaincontrol.com
e4b6782d1cc48618,microsoft.com
ec4e7f0b9a4b95be,a-msedge.net
daee06e8a6cfb163,wordpress.org
af11f63d6135cdcb,gtld-servers.net
53f41889bd262027,akadns.net
c10955b940e4a5cd,gtld-servers.net
06218fe2f555d029,github.com
2e2c00dfbbdf87da,tiktokcdn.com
7e0955c8eb74129e,a-msedge.net
1a4787f3ee1e8153,tiktokcdn.com
0092cd65db9add51,windowsupdate.com
5e6638083fe8f280,amazon.com
ae9e8b7680913261,domaincontrol.com
f4ceb4315d0924f0,netflix.com
c7df0f4ca738dae2,github.com
ebb8defc2a45e034,microsoft.com
86088c4d8567da91,fbcdn.net
84e595d2eb9645a7,apple-dns.net
9b59afac1d7a095c,trafficmanager.net
4dc7fb421ca96713,amazon.com
b96c87af0456d52c,live.com
de862f932d90b043,akadns.net
fdcbc7c4fce6da48,aaplimg.com
d3df0ada4308302e,live.com
cfa34b1014aa53e9,akadns.net
22890b5968ef5e98,a-msedge.net
2b2205eae0beb27e,digicert.com
5158dd5d0185df17,tiktokv.com
34fefe22e98dfb0c,office.com
3e6f93ae94a3dddc,digicert.com
6eb4417cb3e6248c,netflix.com
12465ae7f3c42098,tiktokv.com
5694abe46ea3db42,fbcdn.net
8c550fbd4abdc3d8,cloudflare.com
a6bb4cdf9c949a4d,tiktokcdn.com
5e88c2c62fef6788,yahoo.com
751260b6d8027a3c,youtube.com
d7aa9d103fea266e,amazon.com
a3a9445fa594df68,microsoftonline.com
2e40e0509033b6e9,azure.com
173e1ec319ed6a9c,doubleclick.net
677be5f05d698683,domaincontrol.com
6cc4671a7a20a9e0,facebook.com
9ffd1b19fca4556b,instagram.com
c8b33a0e5a03eca7,twitter.com
3b3e87f6e944c5f6,linkedin.com
36fc1787d70dc3b9,ui.com
26aeab403f2505d9,aaplimg.com
b0d10ab02f452b09,fbcdn.net
cc254b15b11b54b7,mail.ru
bcae0fe60ce94abf,netflix.com
d27c9b18de1cf782,akadns.net
79f255a47fd2cdb2,doubleclick.net
a8070ae003407116,youtu.be
1451ef7aa599f791,googlevideo.com
ea4c79c5cad4fad6,fbcdn.net
59cbe4a942886b13,wordpress.org
7bfbb3e920763b67,domaincontrol.com
e0b1d2305f30f1b9,pinterest.com
97e9c391d41ba1fa,t-msedge.net
e5cddacae7c8f94f,microsoft.com
f099f5ed39ca1ca4,gstatic.com
399d2938c3f80681,domaincontrol.com
b8a306a24bd9783a,mail.ru
9b4df259a61b1a27,digicert.com
b3231f508752aa84,instagram.com
6d6b942408a8b0c9,linkedin.com
86fec2e52d173428,t-msedge.net
54506e5b12f38577,root-servers.net
3aaa19669576cac0,microsoft.com
e0f4d196be469351,bing.com
9af6c78c802f1a8e,apple-dns.net
6f9bb17f7c6af866,googleusercontent.com
e2655f257ec1dac4,akamaiedge.net
aff83d51750b460e,microsoftonline.com
cea4840f4b589b9d,apple-dns.net
73c87fded284a92d,googletagmanager.com
df4475b68c3d8275,cloudflare.com
07cc3c697b58dbe8,microsoftonline.com
5d5ef1354d9b2a77,doubleclick.net
d43126e1cf4b3273,amazon.com
43b600c72ed56ee6,twitter.com
b7e71e0d004a7b2c,yahoo.com
753b8245d6e9c2dc,bing.com
ee9f53970e844f86,wikipedia.org
00943b466a06b0ae,instagram.com
343b72974820fcab,t-msedge.net
8ef6f92e9bc42e58,aaplimg.com
20f647d7f1a94dac,apple-dns.net
cf94d50ddee3ece7,github.com
e400d3e839598dd3,amazonaws.com
d3d6661babec2614,akadns.net
8d80915656fa01dc,a-msedge.net
4597547d56c1eca2,microsoft.com
f6e41818d706de96,azure.com
1564595c6f08439a,google.com
73dd3e09432ba9ef,youtu.be
12bf0ba4388e4dd8,digicert.com
0a4a900a030ee868,google.com
20198ad966939141,gstatic.com
00734702512e33d0,instagram.com
4a33007afc2b304e,icloud.com
e1e4eea60ea0f9d3,a-msedge.net
da888c8d2a626963,microsoftonline.com
420eae5a7682090a,icloud.com
61e6ea966d9bbc8c,akamai.net
d4db8353a23ba787,github.com
1a882337378f3ac6,wikipedia.org
ac98a7da091c1add,root-servers.net
3169796fd029f349,akamaiedge.net
02ec58aeb738e321,instagram.com
c1373b1ed9a33540,domaincontrol.com
430514cb603f0cb1,gtld-servers.net
1ce4da5fa1387b93,googlevideo.com
2303b105bc231c44,bing.com
1bf0e0975fbb947d,icloud.com
85f62c4ad5504a87,t-msedge.net
c5bf0e135a3dd6f1,tiktokcdn.com
e7f3c7b8250b895d,wordpress.org
dc29c7f0918085c5,icloud.com
9e18aca835bc0a11,cloudflare.com
0a501de2d05f394f,domaincontrol.com
c03ccc3352c3e0e9,pinterest.com
cf2b5cc3d9c78273,root-servers.net
092ab99c66bbdf48,l-msedge.net
e646ec658c3ce841,windowsupdate.com
756abae9bf6eb591,twitter.com
5205484c71994614,t-msedge.net
db0125a15fa14be9,mail.ru
f722e9322c9ba503,googleapis.com
