hash	label
 b68bac73e4e88409	0
 ecb5c226a99ab5a3	1
 c6ac036db4271d17	2
 a71eb3853d6a7b02	3
 aa1583c2030c0c33	4
 5935380e3922c27f	5
 04f1093f945d6baf	6
 32b95bda9f24e014	7
 2b075c903d731ced	8
 b72766add3075d7c	9
 0607f45e14da2f43	10
 2f84a642527962ba	11
 7cd1f4d28c082fd0	12
 7d4bb1db7f615e76	9
 e5cee5b07493a4d4	13
 136ca04661eb5548	14
 e884f734a04f6bf4	15
 8657499231ba2485	16
 c638f6902edb4ec1	17
 78ae83b47d5d3369	3
 ed9b9298e9932726	18
 fd458b4148aaca66	3
 dfee3e89a1139bf0	19
 68dc72344e5c990c	20
 a3185bf89141eac7	21
 f7c0a7840134ee64	22
 e293170054513213	23
 58b81a874545d20d	9
 55b2651f6bd4a4b3	24
 052b3bbb7a6229d6	25
 174a6bc00f4c7380	12
 d9db74d27427a091	26
 4ffccaefd0927b69	27
 e3fd18cfe4f59653	28
 87e286703ba0f79d	29
 9b0bf57b8f7856a9	30
 be99e3e9f5e22bed	31
 2d00de4991860d94	32
 cfee09c56699693e	19
 08f345e5f389e083	33
 1cd092fd72b1a676	34
 cfa3915a3304d5ad	35
 43184acc254359a8	36
 bcb053c02cee0b81	37
 d2d04bb357ba512c	38
 974ce82e7daf5d70	39
 9bb2c1a4c0bc9021	40
 b59ffbca6ec8ee4f	41
 bd48a44378508ddb	42
 a944897a978f17d4	43
 08819bdc4494ac0c	44
 1e5919fce513648d	45
 b119620acdd19ae3	46
 e01567d2b43b2e8e	10
 2c7df1e601b0b2e6	21
 312c39cf1ab946f5	47
 737f710946169b85	48
 b8346067fe01eb5e	49
 71c86d64cd6ffdd2	50
 9fcb774e6a638680	51
 25fdc9135f1ac45d	52
 7c38430454eade07	53
 7ca631b1c49a8771	54
 634081f7d8e7b61f	55
 86405f353eb018e8	56
 9b7db3f40143f10c	57
 0daa8077990d3da9	10
 8b7d7d3c2ca6f3a8	58
 181843bbd710a142	59
 94bef37f273f075d	60
 6997ccac5ac9d674	61
 52d92d6a5414d245	62
 2596d72d631e66d4	13
 b7ec8264ceddcc49	21
 ca9b4d48cfed3ab2	21
 1bd7954476590793	63
 8a2bb6e981c8c996	64
 17496cd84ff12a4f	65
 678de9dcacf623ca	66
 d67e014ad6da4b6e	67
 8633f27428410b95	68
 b2c3b77459a7484d	69
 35086838a7dcc1b0	70
 4408fa2412f4cd6b	71
 cb18e3034a0793fb	72
 f4c492767b5126df	17
 f5f2899d7b4bc23c	73
 4e409b5e102a3f37	38
 3ac514abf9ee032a	67
 6c5f4ebbcf4ce682	13
 4ab9a84142f4a439	17
 4877c828101214de	74
 098ac3877059a97b	75
 3e471fddc64ef712	33
 b4d6035330fada03	76
 e26e7a4ea3c47e68	71
 96b853c988a92bbf	64
 5504066f82d6d38f	77
 5272429530ecf169	78
 05e8fa280cf0c302	7
 ea256681cca226fd	67
 64bae231e7ca5fea	79
 ff36a4e39afc0d5e	80
 38380cbf386b73f4	81
 7fd6ca8552173a8e	1
 f6a406df9524fb92	77
 1a5ef1382b80da3a	82
 af9f27b91f244324	83
 e8013b07fd882fe2	84
 46ef24f2b64cd037	85
 cd594b24e7d01ec3	84
 ecfd7f62aa09a9a5	86
 c7f3ef7643bc126b	87
 295f1f8756f2fe59	88
 83bb71f42228b966	89
 2da4fde6a39ded54	90
 88e51bcabfbdac35	91
 c9d8a79fe3adfdd6	92
 ca6585ffb7862d82	93
 eec65417ca9c2013	77
 51cb17af9109ed75	94
 4eed6443f8affad8	21
 154692f4120cf04f	67
 196eeea0e6e1741d	95
 6560d2cb45b3075b	26
 78d05d8975845ae9	61
 08882dc9ad5256a0	82
 f1c03db81d9e084f	17
 3580689d60d74018	96
 b82e597b0a4f58b3	17
 a0d8f3d7b4900d0d	19
 36a0d1f9c07a729c	21
 74ac76f36266d94b	97
 e868004455cf3f04	98
 03aa16ad820e68e4	9
 8f7f08b8bcd6fb38	99
 3527a5242f0de72d	100
 9e64bf8627e05af9	101
 e434a137b5c2a640	97
 48bf76d55370107b	9
 c2c7f60521b5eb3c	3
 4146d3767dc8829b	17
 894b0223b91b78f8	102
 d86aaeb43e327c74	103
 47978ff2e0529203	55
 d0e41c2d22cfb22c	7
 6def87464865e9e4	104
 c503ee349cd04700	86
 15994e5188f99a1b	29
 49444f3190986534	71
 f8309c784a3ed807	17
 5be41913b799d2c8	105
 6b56fd16b8723625	77
 238af7cb10ca43af	106
 8f51e80beca6c1e7	107
 2ae664e5200fa8c4	108
 c6abe132e649b887	109
 a137e9a25cb7058d	110
 9c3abdaebfc8a4e8	111
 6dda061cb352877b	112
 9dc41e997949bed2	113
 f6f3030afe16573c	114
 90e7034f1fc972bd	102
 20763cb21fca2aee	115
 5df38433aeb79f12	21
 c24a18f8d470006d	55
 65b7bc3f6c7848c9	115
 c4e466f4aeea28e4	116
 ff41976ea8fb4104	102
 5fe1ab0530c966ba	117
 6b207bbe6d1ac91c	59
 25a3fc18a8da07ea	86
 2b0238e24dc56b46	118
 8280ebd4af73460c	119
 5d9d9aaa1a26ec1e	59
 bfda55a26d458465	61
 06e51fba90db62c2	120
 f4bc58e8586c2153	21
 9f14eb4b777bf08e	59
 884303beec01e257	71
 e7a1804041ebe3c4	121
 2336175d873ce337	122
 57df4ef4c6433f4f	123
 e109bbf21b5b6dfa	12
 f80d15b49b108d25	124
 19f807f1b96a4696	21
 06f62d9a81516bbe	125
 52632a2fd59a3ae4	56
 4fc4a5e210279b34	111
 be9703aaefc673fa	126
 2dc06529aee51dda	52
 d56266563e727bdd	127
 deadb4f4ffb7192a	128
 16fc7c7e4d2f8b1e	129
 c3e9fe626d3964d0	130
 e7a8a32de7a6adc8	131
 a2421cfc8d810073	132
 514a7421645a9dc3	133
 290493de92fa29b3	55
 4e89d1d40a86741b	134
 60d7c5726958ec0b	135
 215c3de0905190da	94
 2dc27516b20fd0ca	136
 6af81bc545d14360	137
 0169a70551716bce	84
 0af5076bbc249c6a	9
 38817dc7c169e334	138
 ebb1f1f283c23041	82
 5611eb891f227d18	139
 8b096c181c9bc0cb	39
 4a0ea6ac78fc2170	7
 39bb2a3b0c164840	9
 e72826f437d3d499	140
 4838372703a96e50	141
 6869965f9ab73139	142
 fb3a382c5ae71592	134
 68b4866869f04410	143
 7314a3d7fa2b2a00	144
 a25ba87a441479ee	21
 07ffb8cc8859e94d	12
 bdc849072a53af12	145
 d92449e112fd18d0	38
 942b3b0c7c922607	112
 1d8f45f3a55426e0	107
 aa904502113a1543	62
 6d0383d82233bf01	33
 0e0767ee6a9b5020	146
 c00dc6d5163f4523	147
 0e0f8ceb24b503a3	59
 19adc354403ef50e	148
 837b41cc123fec29	71
 e9101a4aac7a2fcc	21
 7c4b9b1d0d3f4567	121
 602bd80ed1ad0630	149
 b21600714cdbe35b	9
 272cd8804fa15ebe	150
 6068d3422217b68f	151
 e728e3067fd6a461	152
 0edc990b98795fe8	136
 2397cb5fd736658c	153
 27c5c3962a823c9e	21
 f01fb3a1b4819f2f	154
 58ee0a6af5ed9232	155
